Keyword,Search volume
vip game,8100
vip games,8100
rcip canada,1300
rcip program,1000
rcip,590
rural community immigration pilot,590
canada rural community immigration pilot,390
game vip online,260
vip game online,260
game online vip,260
vip online games,260
vip online gaming,260
game vip,140
games vip,140
rcip program canada,90
rural community immigration pilot canada,90
canada rural immigration programs,90
rcip communities,70
rural immigration pilot program,70
www vip game,50
rvip games,2400
rvip game,1900
rvip apk,1300
rvip game app,1000
rvip app download,800
rvip login,700
rvip online games,500
safe rvip apk download,300
